seq,x,y
0,4.0732760526252605,-4.913875846105611
1,4.06752776173812,-4.903729667133177
2,4.067525320331924,-4.893729667356695
3,4.067522878925729,-4.883729667580212
4,4.0675204375195335,-4.87372966780373
5,4.067515554707143,-4.863729362851473
6,4.0675118925978495,-4.85372936307499
7,4.067507009785459,-4.8437293632985075
8,4.067502126973068,-4.833729363522025
9,4.067496023457579,-4.823729363745542
10,4.067491140645188,-4.81372936396906
11,4.0674850371297,-4.803729364192577
12,4.067478933614211,-4.7937293644160945
13,4.067472830098723,-4.783729364639612
14,4.067466726583234,-4.773729364863129
15,4.067461843770843,-4.763729365086647
16,4.067455740255355,-4.753729365310164
17,4.067448416036768,-4.743729365533682
18,4.06744231252128,-4.733729365757199
19,4.067436209005791,-4.7237293659807165
20,4.067430105490303,-4.713729366204234
21,4.067424001974814,-4.703729366427751
22,4.067417898459325,-4.693729366651269
23,4.067411794943837,-4.683729366874786
24,4.067405691428348,-4.6737293670983036
25,4.067398367209762,-4.663729367321821
26,4.067392263694273,-4.653729367545338
27,4.067386160178785,-4.643729367768856
28,4.067378835960199,-4.633729367992373
29,4.06737273244471,-4.623729368215891
30,4.067366628929221,-4.613729368439408
31,4.067359304710635,-4.6037293686629255
32,4.0673532011951465,-4.593729368886443
33,4.06734587697656,-4.58372936910996
34,4.067339773461072,-4.573729369333478
35,4.067332449242485,-4.563729369556995
36,4.067326345726997,-4.553729369780513
37,4.0673190215084105,-4.54372937000403
38,4.067312917992922,-4.533729370227547
39,4.067305593774336,-4.523729370451065
40,4.067299490258847,-4.513729370674582
41,4.067292166040261,-4.5037293708981
42,4.0672848418216745,-4.493729371121617
43,4.067278738306186,-4.4837293713451345
44,4.0672714140876,-4.473729371568652
45,4.067264089869013,-4.463729371792169
46,4.067256765650427,-4.453729372015687
47,4.067249441431841,-4.443729372239204
48,4.0672421172132545,-4.433729372462722
49,4.067236013697766,-4.423729372686239
50,4.06722868947918,-4.413729372909756
51,4.067221365260593,-4.403729373133274
52,4.067214041042007,-4.393729373356791
53,4.067206716823421,-4.383729373580309
54,4.067199392604834,-4.373729373803826
55,4.067192068386248,-4.3637293740273435
56,4.067184744167662,-4.353729374250861
57,4.067176199245978,-4.343729374474378
58,4.0671688750273916,-4.333729374697896
59,4.067161550808805,-4.323729374921413
60,4.067154226590219,-4.313729375144931
61,4.067146902371633,-4.303729375368448
62,4.067138357449949,-4.293729375591965
63,4.067131033231362,-4.283729375815483
64,4.067123709012776,-4.273729376039
65,4.067115164091092,-4.263729376262518
66,4.067107839872506,-4.253729986837584
67,4.067099294950822,-4.243729987061101
68,4.0670919707322355,-4.233729987284619
69,4.0670834258105515,-4.223729987508136
70,4.067076101591965,-4.213729987731654
71,4.067067556670281,-4.203729987955171
72,4.067060232451695,-4.1937299881786885
73,4.067051687530011,-4.183729988402206
74,4.067043142608327,-4.173729988625723
75,4.067034597686643,-4.163729988849241
76,4.067027273468057,-4.153729989072758
77,4.067018728546373,-4.143729989296276
78,4.067010183624689,-4.133729989519793
79,4.067001638703005,-4.12372998974331
80,4.066993093781321,-4.113729989966828
81,4.066984548859637,-4.103729990190345
82,4.0669760039379526,-4.093729990413863
83,4.0669674590162685,-4.08372999063738
84,4.0669589140945845,-4.0737299908608975
85,4.0669503691729005,-4.063729991084415
86,4.0669418242512165,-4.053729991307932
87,4.0669332793295325,-4.04372999153145
88,4.0669247344078485,-4.033729991754967
89,4.066914968783067,-4.023729991978485
90,4.066906423861383,-4.013729992202002
91,4.066897878939699,-4.003729992425519
92,4.066888113314917,-3.993729992649037
93,4.066879568393233,-3.9837299928725542
94,4.066869802768451,-3.9737299930960717
95,4.066861257846767,-3.963729993319589
96,4.066851492221986,-3.9537299935431065
97,4.066842947300302,-3.943729993766624
98,4.06683318167552,-3.9337299939901413
99,4.066823416050738,-3.9237299942136588
100,4.066814871129054,-3.913729994437176
101,4.066805105504272,-3.9037299946606936
102,4.066795339879491,-3.893729994884211
103,4.066785574254709,-3.8837299951077284
104,4.066775808629927,-3.873729995331246
105,4.0667660430051455,-3.8637299955547633
106,4.066756277380364,-3.8537299957782807
107,4.066746511755582,-3.843729996001798
108,4.0667367461308,-3.8337299962253155
109,4.066726980506019,-3.823729996448833
110,4.066717214881237,-3.8137299966723504
111,4.066707449256455,-3.8037299968958678
112,4.0666976836316735,-3.793729997119385
113,4.066686697303794,-3.7837299973429026
114,4.066676931679012,-3.77372999756642
115,4.066665945351133,-3.7637299977899374
116,4.066656179726351,-3.753729998013455
117,4.0666464141015695,-3.7437299982369723
118,4.06663542777369,-3.7337299984604897
119,4.066624441445811,-3.723729998684007
120,4.066614675821029,-3.7137299989075245
121,4.066603689493149,-3.703729999131042
122,4.06659270316527,-3.6937299993545594
123,4.066581716837391,-3.683729999578077
124,4.066571951212609,-3.673729999801594
125,4.066560964884729,-3.6637300000251116
126,4.06654997855685,-3.653730000248629
127,4.0665389922289705,-3.6437300004721465
128,4.066528005901091,-3.633730000695664
129,4.066515798870114,-3.6237300009191813
130,4.0665048125422345,-3.6137300011426987
131,4.066493826214355,-3.603730001366216
132,4.066482839886476,-3.5937300015897335
133,4.0664706328554985,-3.583730001813251
134,4.066459646527619,-3.5737300020367684
135,4.06644866019974,-3.563730002260286
136,4.0664364531687625,-3.553730002483803
137,4.066425466840883,-3.5437300027073206
138,4.066414480513004,-3.533730002930838
139,4.066402273482026,-3.5237300031543555
140,4.066391287154147,-3.513730003377873
141,4.066380300826268,-3.5037300036013903
142,4.066370535201486,-3.4937300038249077
143,4.066360769576704,-3.483730004048425
144,4.06635222465502,-3.4737300042719426
145,4.0663461211395315,-3.46373000449546
146,4.066342459030238,-3.4537300047189774
147,4.066342459030238,-3.443730004942495
148,4.066348562545727,-3.4337300051660122
149,4.0663632109828995,-3.4237300053895297
150,4.066392507857245,-3.413730005613047
151,4.066441335981153,-3.4037300058365645
152,4.066520681682505,-3.3937306164116308
153,4.06667815238211,-3.383731837338246
154,4.066894216830406,-3.3737342789679587
155,4.067697439468702,-3.3637666278235656
156,4.068619070307477,-3.353808742303954
157,4.075351247891376,-3.3464149436410935
158,4.0808871364395145,-3.3380873071084807
159,4.081189870807748,-3.32809157979284
160,4.082704763352012,-3.3182069364590916
161,4.0825326442152345,-3.3082087677372556
162,4.084617605106132,-3.2984284945183617
163,4.089999685063958,-3.2900001499801874
164,4.109999684616923,-3.2700001504272223
165,4.1299996841698885,-3.2700001504272223
166,4.149999683722854,-3.2700001504272223
167,4.169999683275819,-3.2700001504272223
168,4.189999682828784,-3.2700001504272223
169,4.209999682381749,-3.2700001504272223
170,4.229999681934714,-3.2700001504272223
171,4.2499996814876795,-3.2700001504272223
172,4.269999681040645,-3.2700001504272223
173,4.28999968059361,-3.2700001504272223
174,4.309999680146575,-3.2700001504272223
175,4.32999967969954,-3.2700001504272223
176,4.349999679252505,-3.2700001504272223
177,4.3699996788054705,-3.2700001504272223
178,4.389999678358436,-3.2700001504272223
179,4.409999677911401,-3.2700001504272223
180,4.429999677464366,-3.2700001504272223
181,4.449999677017331,-3.2700001504272223
182,4.469999676570296,-3.2700001504272223
183,4.4899996761232615,-3.2700001504272223
184,4.509999675676227,-3.2700001504272223
185,4.529999675229192,-3.2700001504272223
186,4.549999674782157,-3.2700001504272223
187,4.569999674335122,-3.2700001504272223
188,4.589999673888087,-3.2700001504272223
189,4.609999673441052,-3.2700001504272223
190,4.629999672994018,-3.2700001504272223
191,4.649999672546983,-3.2700001504272223
192,4.669999672099948,-3.2700001504272223
193,4.689999671652913,-3.2700001504272223
194,4.709999671205878,-3.2700001504272223
195,4.729999670758843,-3.2700001504272223
196,4.749999670311809,-3.2700001504272223
197,4.769999669864774,-3.2700001504272223
198,4.789999669417739,-3.2700001504272223
199,4.809999668970704,-3.2700001504272223
200,4.829999668523669,-3.2700001504272223
201,4.849999668076634,-3.2700001504272223
202,4.8699996676296,-3.2700001504272223
203,4.889999667182565,-3.2700001504272223
204,4.90999966673553,-3.2700001504272223
205,4.929999666288495,-3.2700001504272223
206,4.94999966584146,-3.2700001504272223
207,4.969999665394425,-3.2700001504272223
208,4.989999664947391,-3.2700001504272223
209,5.009999664500356,-3.2700001504272223
210,5.029999664053321,-3.2700001504272223
211,5.049999663606286,-3.2700001504272223
212,5.069999663159251,-3.2700001504272223
213,5.089999662712216,-3.2700001504272223
214,5.1099996622651815,-3.2700001504272223
215,5.129999661818147,-3.2700001504272223
216,5.149999661371112,-3.2700001504272223
217,5.169999660924077,-3.2700001504272223
218,5.189999660477042,-3.2700001504272223
219,5.205588039034865,-3.2630433634733436
220,5.2101278338552675,-3.2719538857351154
221,5.213846095490908,-3.2812367224416903
222,5.216823390346235,-3.2907832310173717
223,5.220297511362332,-3.3001600618624707
224,5.224690821811009,-3.3091438263101054
225,5.233208888026866,-3.314383084005499
226,5.2419222667383565,-3.319289700106765
227,5.251901514562178,-3.319933010639261
228,5.2618270514497,-3.3211427274090966
229,5.2718270512261824,-3.3212239041650946
230,5.281822168190274,-3.321555935407673
231,5.291822167966757,-3.3215589871654174
232,5.301819726337044,-3.3217555203641496
233,5.311818505410429,-3.321595608258349
234,5.321806298155934,-3.32209731723151
235,5.3317733389487785,-3.3212843289684315
236,5.34080165905948,-3.325584255630133
237,5.350323143221658,-3.3225282254250033
238,5.360308494560968,-3.3230671658426445
239,5.369727439662938,-3.31970901162083
240,5.375652732499248,-3.3277650417142013
241,5.382047996028177,-3.3354518091205136
242,5.389659079842431,-3.341939235733321
243,5.399659079618914,-3.341993557021169
244,5.4095687473661656,-3.3433375511317536
245,5.419563864330257,-3.3430415306305576
246,5.42956386410674,-3.34306167223167
247,5.439561422477027,-3.342868190790682
248,5.4494845179583535,-3.341631008201148
249,5.459484517734836,-3.341647487692967
250,5.469484517511319,-3.3417481956985284
251,5.479484517287801,-3.341762233784152
252,5.489484517064284,-3.3418171654235493
253,5.4994845168407664,-3.3418281517514288
254,5.509484516617249,-3.341861721086616
255,5.519484516393732,-3.3418690453052022
256,5.529484516170214,-3.34189162831251
257,5.539484515946697,-3.341896511124901
258,5.549484515723179,-3.3419117699136223
259,5.559484515499662,-3.3419148216713666
260,5.5694845152761445,-3.341922145889953
261,5.579484515052627,-3.3419288597569903
262,5.58948451482911,-3.3419197044837574
263,5.599484514605592,-3.34193435292093
264,5.609484514382075,-3.3419184837806597
265,5.619484514158557,-3.3419453392488094
266,5.62948451393504,-3.341930690811637
267,5.639484513711523,-3.342007595106793
268,5.6494832927849075,-3.341883693742375
269,5.659474747639706,-3.3423017845533423
270,5.669432022807769,-3.3413795433630185
271,5.6790450597022755,-3.3441340599030127
272,5.68612147555973,-3.3370680200218885
273,5.695573379645339,-3.3403334008082766
274,5.702704727142191,-3.347343288346906
275,5.709007217235694,-3.355107570399923
276,5.718982802950222,-3.3544117696342255
277,5.728964492180239,-3.3537995870307213
278,5.738953505628842,-3.353347316533018
279,5.748943739780543,-3.35291335658178
280,5.758932753229146,-3.3524366720221224
281,5.768924208083945,-3.3520069845317266
282,5.77892298715733,-3.3521284444899493
283,5.788921766230715,-3.3522474630419765
284,5.798921766007197,-3.3523457296413426
285,5.80892176578368,-3.352442165186062
286,5.818920544857065,-3.352527614402902
287,5.828920544633547,-3.3526106222135468
288,5.83892054441003,-3.3526716573684325
289,5.848920544186512,-3.3527314718202206
290,5.858920543962995,-3.352772365373994
291,5.868920543739478,-3.3528120382246698
292,5.87892054351596,-3.3528358419350752
293,5.888920543292443,-3.352857814590834
294,5.898920543068925,-3.3528657491609692
295,5.908920542845408,-3.3528724630280067
296,5.9189205426218905,-3.352866969864067
297,5.928920542398373,-3.3528596456454807
298,5.938920542174856,-3.352841945450564
299,5.948920541951338,-3.3528224142010004
300,5.958919321024723,-3.352793117326655
301,5.968919320801206,-3.3527625997492123
302,5.978919320577688,-3.3527223165469877
303,5.988919320354171,-3.352682033344763
304,5.998919320130653,-3.3526325948693056
305,6.008919319907136,-3.3525825460422993
306,6.018919319683619,-3.352524562645158
307,6.028919319460101,-3.3524659688964675
308,6.038919319236584,-3.352399440577642
309,6.048918098309969,-3.3523329122588166
310,6.058918098086451,-3.352259059721405
311,6.068918097862934,-3.352185817535542
312,6.078918097639416,-3.3521052511310927
313,6.088916876712801,-3.3520246847266435
314,6.098916876489284,-3.3519380148067057
315,6.108916876265766,-3.351851344886768
316,6.118916876042249,-3.3517585714513416
317,6.128915655115634,-3.351667018719013
318,6.138915654892116,-3.3515693624711957
319,6.148914433965501,-3.3514723165749274
320,6.158914433741984,-3.351370387866268
321,6.1689144335184665,-3.3512702902122555
322,6.178913212591851,-3.351165920097401
323,6.188913212368334,-3.3510652120918394
324,6.1989132121448165,-3.351002956233856
325,6.208911991218201,-3.3509455831882633
326,6.218911990994684,-3.350908962095332
327,6.2289119907711665,-3.3508894308457684
328,6.238911990547649,-3.3509095724468807
329,6.248911990324132,-3.350985256038939
330,6.258910769397517,-3.3511677511520475
331,6.268904665658511,-3.3515223654019337
332,6.278883913482332,-3.3521662862859785
333,6.2888240988070265,-3.353249049933652
334,6.298562868120598,-3.3555219991015974
335,6.301857545781331,-3.3460804709923195
336,6.311731813138749,-3.344496608723034
337,6.321581666434213,-3.3427717552459626
338,6.3313582775438135,-3.3406727562694414
339,6.340999390609568,-3.3380183373834598
340,6.350860230232911,-3.336350856951981
341,6.360202271039725,-3.332785183203555
342,6.363442017061061,-3.3233241238447135
343,6.373223510983053,-3.3212464871724023
344,6.38285241701783,-3.3185493436780007
345,6.392564330863252,-3.31616164841887
346,6.401365600197778,-3.3114143340718556
347,6.403562865773665,-3.301659085266465
348,6.413429808912497,-3.300030056982564
349,6.422997679792388,-3.297124173258453
350,6.431711058503879,-3.292218167508736
351,6.424114623126798,-3.285715482107207
352,6.433819212753633,-3.2833015417314755
353,6.443398069961404,-3.280432889451845
354,6.4531881088050795,-3.278392484224014
355,6.462292112507839,-3.2742543007227596
356,6.465362180798593,-3.2647370890214233
357,6.475270627842747,-3.263389432801546
358,6.484986203797462,-3.261018827385783
359,6.49416589109228,-3.2570521526697576
360,6.493970578596645,-3.2470539839479216
361,6.487261594371603,-3.239638822980851
362,6.496796506267856,-3.2366236863294944
363,6.5052022677987225,-3.231207426684932
364,6.514580929698468,-3.227736967778128
365,6.52379601738312,-3.2238520801696495
366,6.532686398043779,-3.2192756642563154
367,6.541021358794978,-3.21374893098141
368,6.548861934791603,-3.207542876432626
369,6.538977901809403,-3.206026763185264
370,6.5447322962120325,-3.1978480524305724
371,6.534821407761683,-3.1965113825385743
372,6.534711544482889,-3.1865119931136405
373,6.527504513393978,-3.179580230573265
374,6.537012569822082,-3.176480865408166
375,6.545249874325464,-3.170811309870828
376,6.554612667084939,-3.167298126355604
377,6.563797237192148,-3.1633436586705557
378,6.5726265826979215,-3.158650055259841
379,6.580851680170326,-3.1529615788244882
380,6.588570185857179,-3.1466041570915877
381,6.579092647006519,-3.1434156806003557
382,6.584350215248378,-3.1349092110639276
383,6.575254756467302,-3.13075149631311
384,6.565255977393917,-3.130777131078162
385,6.574605342419318,-3.1272309885792993
386,6.583775264089354,-3.1232405101528684
387,6.592582636939369,-3.11850601318838
388,6.600774775428135,-3.1127705396837655
389,6.601364375024332,-3.1027882401022
390,6.600895625034809,-3.0927992266535966
391,6.608598261581392,-3.0864222736711326
392,6.5991158399183405,-3.083245393859329
393,6.604201289023422,-3.074635164559595
394,6.594834834154653,-3.0711323570207014
395,6.584843379299855,-3.071532747636752
396,6.594193965028353,-3.0679872154894383
397,6.603374873026269,-3.064023592531157
398,6.612220087672313,-3.0593586756432387
399,6.620473261315965,-3.0537117031132084
400,6.621652460508358,-3.0437818937648444
401,6.620707636310726,-3.0338264496514284
402,6.621447382387942,-3.0238539156946445
403,6.620859003494843,-3.01387100576153
404,6.621320429265779,-3.0038819923129267
405,6.62095665974266,-2.9938887064034816
406,6.62867150332022,-2.987527012209739
407,6.619618769147564,-2.9832789654296903
408,6.622972040556988,-2.9738575789215247
409,6.613149042729674,-2.971987461775825
410,6.603207636701882,-2.9730732771812427
411,6.612577753679943,-2.969579624915582
412,6.621805048395572,-2.965726475587644
413,6.63075524350802,-2.961265416117044
414,6.63918053628845,-2.9558796740499247
415,6.6436946963438,-2.946956334405627
416,6.639189081210134,-2.938028722300487
417,6.643682489312823,-2.9290950066798587
418,6.639193964022525,-2.920158849653035
419,6.6436727236880415,-2.91121780981382
420,6.639200067538013,-2.902273718216861
421,6.6436641787663575,-2.8933253541590602
422,6.639204950350404,-2.884374548695064
423,6.643656854547771,-2.8754200811217743
424,6.639211053865893,-2.8664625617907404
425,6.643648309626087,-2.8575007699988646
426,6.6392159366782835,-2.8485365368007933
427,6.643639764704403,-2.83956803114188
428,6.639222040193772,-2.8305970840767714
429,6.643632440485817,-2.8216224749023695
430,6.639228143709261,-2.8126448139702234
431,6.643625116267231,-2.8036628805772352
432,6.6392330265216515,-2.7946791161296005
433,6.643617792048644,-2.7856922999242215
434,6.639236688630945,-2.776703042312647
435,6.643619012751742,-2.7677143950526215
436,6.639234247224749,-2.7587275788472425
437,6.6436470889229895,-2.7497535800243895
438,6.6392073917565995,-2.7407930089356114
439,6.64480065335033,-2.7325032141990278
440,6.636632928923518,-2.726734171359226
441,6.626636591256329,-2.7264448647250674
442,6.634540643814034,-2.720318155877635
443,6.642442254965545,-2.714190226327105
444,6.650345086820153,-2.708061686425026
445,6.640347528449865,-2.708296671771336
446,6.6474141786825385,-2.701221476616979
447,6.6393099308168075,-2.695362712099495
448,6.629413690803631,-2.696794596833115
449,6.628710565819347,-2.6868196214701356
450,6.628009882241258,-2.6768440357556074
451,6.628008661538161,-2.666844035979125
452,6.628009882241258,-2.656844036202642
453,6.628014765053649,-2.6468440364261596
454,6.628033075600115,-2.636844036649677
455,6.628084345130219,-2.6268440368731945
456,6.628216181064772,-2.6168452577998096
457,6.627913446696539,-2.606849530484169
458,6.627416620535769,-2.5968623480902124
459,6.627362909599469,-2.58686234831373
460,6.627295770929095,-2.5768623485372473
461,6.627260370539261,-2.5668623487607647
462,6.6271993353843754,-2.556862959335831
463,6.627093134214874,-2.5468635699108972
464,6.626906366640924,-2.5368647908375124
465,6.626570673289052,-2.5268708945765184
466,6.625959101037097,-2.5168892053465015
467,6.6248250678593195,-2.506953902834198
468,6.62267174759495,-2.4971882780524766
469,6.618609247685754,-2.4880513153660786
470,6.611932001741252,-2.4806068575246627
471,6.604681025340824,-2.4737208713504515
472,6.5974276075342,-2.466836105879338
473,6.590172969024479,-2.45995378181442
474,6.58291710981166,-2.4530720681010507
475,6.575661250598841,-2.4461909647392304
476,6.5684053913860225,-2.43930986137741
477,6.561148311470106,-2.4324293683671385
478,6.553892452257287,-2.425548265005318
479,6.546577999295778,-2.4187288071499324
480,6.539182979929819,-2.411997850269131
481,6.531927120717,-2.405116136555762
482,6.524475949008547,-2.398446825181395
483,6.5168673066004885,-2.3919575675139413
484,6.509594357544302,-2.3850953850501355
485,6.502058957322106,-2.3785206781658417
486,6.494383176243673,-2.3721107661997394
487,6.485393918632099,-2.3677302731335885
488,6.4796773660254985,-2.375934618653332
489,6.472073606429831,-2.3694392574703897
490,6.46448205386514,-2.3629298582018237
491,6.4569466536429445,-2.3563563720206275
492,6.449817747552288,-2.349342822372705
493,6.442334837563294,-2.342709521739721
494,6.4346187732826365,-2.336349658600625
495,6.424751830143805,-2.3347236820744683
496,6.417259154530029,-2.328100147066266
497,6.409721312901638,-2.321529712642814
498,6.402234740803351,-2.314900074119123
499,6.394821410890927,-2.308188648487885
500,6.386944213801371,-2.3020277599537167
501,6.378163696419506,-2.297243214162222
502,6.368332153670508,-2.2990706066995017
503,6.35854333552993,-2.2970265393623777
504,6.348876587699124,-2.2995863537582864
505,6.339245240258151,-2.296892872373178
506,6.329732301017657,-2.2999763683980063
507,6.32170617815018,-2.3059407237334426
508,6.311751344388313,-2.3068916514465627
509,6.301752565314928,-2.306765308675949
510,6.291783083115888,-2.305981617287216
511,6.281940554039011,-2.304217090959469
512,6.272403200736562,-2.3012068371205032
513,6.262804812279228,-2.298401051050405
514,6.252807253908941,-2.298220997343492
515,6.242884158427614,-2.2969807629962133
516,6.233122195755186,-2.2991475109946578
517,6.223423709643839,-2.2967103772600694
518,6.213894901263075,-2.2997444348094405
519,6.20443567295888,-2.2965004163272624
520,6.19509119074587,-2.3000618176148464
521,6.185793095250574,-2.2963795667205886
522,6.176560917722554,-2.3002211193690982
523,6.167353154256489,-2.2963209729718983
524,6.158175908367866,-2.30029497190651
525,6.149009648807123,-2.2962983899645906
526,6.139856816980455,-2.3003260998355017
527,6.130706426559982,-2.296292286449102
528,6.1215609189519,-2.300337086163381
529,6.112415411343818,-2.2962935071521997
530,6.103269903735736,-2.300338306866479
531,6.094121954721459,-2.2962983899645906
532,6.084974005707181,-2.3003352551087346
533,6.075821173880513,-2.296305714183177
534,6.066667121350747,-2.300329761944795
535,6.057509406711688,-2.296313648753312
536,6.048348029963336,-2.3003230480777574
537,6.03918299110569,-2.296322804026545
538,6.030014290138752,-2.300315723859171
539,6.02084192706252,-2.2963319592997777
540,6.011667122580093,-2.300308399640585
541,6.002487435285275,-2.2963411145730106
542,5.993304085881164,-2.3003004650704497
543,5.984118295070857,-2.2963502698462435
544,5.97492762144816,-2.3002931408518634
545,5.965734506419267,-2.2963575940648298
546,5.9565389499841785,-2.300286426984826
547,5.947340952142895,-2.296360645822574
548,5.938142954301611,-2.3002839855786306
549,5.928949839272718,-2.296347828440048
550,5.919761607056216,-2.3002931408518634
551,5.910600230307864,-2.2962855725820646
552,5.901459605512173,-2.300341968975772
553,5.892466685791305,-2.295966969073561
554,5.888713023765831,-2.3052351573429632
555,5.889239146800946,-2.315221729385371
556,5.8824032094537415,-2.307923145564132
557,5.875310924456016,-2.300874195526376
558,5.8664522820758975,-2.2962343030519605
559,5.859058483413037,-2.2895009047649637
560,5.85148646209791,-2.282968312137541
561,5.843927868516857,-2.2764222917760435
562,5.836433972199984,-2.2697999774709388
563,5.828805798542362,-2.2633345235138904
564,5.819961804599416,-2.2586665548682276
565,5.810091199351291,-2.257063161349379
566,5.800336560897449,-2.259264089034559
567,5.790618543536539,-2.2569093527590667
568,5.780994520314152,-2.2596272482061295
569,5.771399793966111,-2.2568074240504075
570,5.76186366136676,-2.2598146261316288
571,5.75234339790768,-2.2567518820594614
572,5.742853652026042,-2.2599055685124085
573,5.733371230362991,-2.2567305197552514
574,5.723902236434014,-2.2599440206599866
575,5.714433242505038,-2.256728078349056
576,5.704967910685355,-2.259955006987866
577,5.695500137459476,-2.25673662327074
578,5.686031143530499,-2.2599525655816706
579,5.676557266789132,-2.256750051004815
580,5.667080948641569,-2.259942799956889
581,5.657598526978518,-2.256767140848183
582,5.648111222503076,-2.259928761871265
583,5.638617814512145,-2.2567860617461974
584,5.629119523708823,-2.2599135030825437
585,5.619615129390013,-2.2568062033473097
586,5.610104631555714,-2.259895802887627
587,5.600586809502829,-2.256826955299971
588,5.591062883934455,-2.259877492341161
589,5.581532854850593,-2.2568495383072786
590,5.571996722251242,-2.2598585714431465
591,5.5624520447302075,-2.2568727316661352
592,5.552902484396782,-2.259838429842034
593,5.543344379141672,-2.2568971457280895
594,5.533780170371074,-2.259817067537824
595,5.524208637381889,-2.2569227804931415
596,5.514629780174118,-2.2597944845305165
597,5.505042378044664,-2.25695024631284
598,5.49544887239972,-2.259770680820111
599,5.485845601129995,-2.2569795431871853
600,5.476236226344781,-2.259745656406608
601,5.4666183066378835,-2.257010671116177
602,5.456991842009302,-2.259718800938458
603,5.447355611755938,-2.257044240451364
604,5.4377120572839885,-2.259689504064113
605,5.428058737187257,-2.257080251192747
606,5.418396872168842,-2.259658376135121
607,5.408725241525644,-2.257118703340325
608,5.3990438452576655,-2.259625417151483
609,5.389352683364905,-2.257160207245647
610,5.379651755847362,-2.2595894064101003
611,5.369939842001941,-2.2572047629087137
612,5.360219383234835,-2.2595509542625223
613,5.35048793813985,-2.257251759977976
614,5.340745506716985,-2.2595106710602977
615,5.3309933096693385,-2.2573011984534332
616,5.32123134699691,-2.2594679464518777
617,5.311457177293505,-2.2573512472804396
618,5.301674462668416,-2.25942400114036
619,5.291880761715447,-2.2574025168105436
620,5.282078515840794,-2.2593788351257444
621,5.272265283638262,-2.25745256563755
622,5.262443506514046,-2.259334279462678
623,5.252613184468146,-2.2575020041130074
624,5.242774317500562,-2.25929033415116
625,5.2329269056112935,-2.2575483908307206
626,5.223073390206537,-2.25924760954274
627,5.213211329880096,-2.2575923361422383
628,5.203341945335069,-2.2592073263405155
629,5.193466457274553,-2.257632008992914
630,5.183586086401647,-2.2591688741929374
631,5.173699612013252,-2.257667409382748
632,5.163807034109368,-2.2591340841546526
633,5.153910794096191,-2.2576985373117395
634,5.144009671270624,-2.259102956225661
635,5.134104886335763,-2.2577247824283404
636,5.124196439291609,-2.2590748800544134
637,5.1142855508412595,-2.2577461447325504
638,5.104371000281617,-2.259051076344008
639,5.094454008315779,-2.2577626242243696
640,5.084534574943746,-2.2590309347428956
641,5.0746139208686145,-2.257773610552249
642,5.064692046090386,-2.259015675954174
643,5.054768950609059,-2.2577791037161887
644,5.044843413721537,-2.259004079274746
645,5.034919097537113,-2.2577791037161887
646,5.024993560649591,-2.2589973654077085
647,5.015069244465167,-2.257773610552249
648,5.005143707577645,-2.2589961447046107
649,4.995220612096318,-2.257760793169723
650,4.985297516614992,-2.2590004171654527
651,4.975376862539861,-2.2577406515686107
652,4.965458649870925,-2.2590107931417833
653,4.955542878608185,-2.2577119650458144
654,4.94562954875164,-2.2590278829851513
655,4.935721101707486,-2.257674733601334
656,4.925817537475723,-2.2590522970471056
657,4.915918856056351,-2.2576265158289743
658,4.906026278152467,-2.259085866382293
659,4.896142245170267,-2.257564259970991
660,4.886266757109752,-2.259132863451555
661,4.876403476080213,-2.2574794211056997
662,4.866552402081652,-2.2591981710672826
663,4.8567233007388495,-2.25736162325677
664,4.846911289239415,-2.2592921652058067
665,4.837134678129814,-2.257185842010699
666,4.82739224670695,-2.259436818522886
667,4.817724278173046,-2.2568794455331727
668,4.808128331121907,-2.259693776524955
669,4.799328282490478,-2.2549440207717453
670,4.7939913685472675,-2.263401051832716
671,4.794335606820823,-2.27339494809371
672,4.7873873647886285,-2.266203175793521
673,4.780418370803773,-2.2590309347428956
674,4.773428624866256,-2.2518794456449314
675,4.766376623070755,-2.2447896020534017
676,4.759324621275255,-2.237699148110323
677,4.752272619479754,-2.2306093045187936
678,4.745214514168765,-2.2235255644427525
679,4.738145422529897,-2.216451589991493
680,4.731067785969344,-2.2093873811650155
681,4.72398038378401,-2.2023329379633196
682,4.716883215973894,-2.1952876500348566
683,4.709777503242094,-2.1882521277311753
684,4.702670569807196,-2.181216605427494
685,4.6955648570753965,-2.1741810831238126
686,4.688457923640499,-2.1671455608201313
687,4.681350990205601,-2.16011003851645
688,4.674245277473801,-2.1530745162127687
689,4.667139564742001,-2.1460383835575385
690,4.660032631307104,-2.139002861253857
691,4.652926918575304,-2.131967338950176
692,4.645819985140406,-2.1249312062949457
693,4.638714272408606,-2.1178956839912644
694,4.631608559676806,-2.110859551336034
695,4.624502846945006,-2.103823418680804
696,4.617395913510109,-2.0967878963771227
697,4.610290200778309,-2.0897517637218925
698,4.603184488046509,-2.0827156310666624
699,4.596078775314709,-2.075679498411432
700,4.588971841879811,-2.068643976107751
701,4.581866129148011,-2.0616078434525207
702,4.574760416416211,-2.0545717107972905
703,4.567654703684411,-2.0475355781420603
704,4.560548990952611,-2.0404988351352813
705,4.553443278220811,-2.033462702480051
706,4.5463375654890115,-2.026426569824821
707,4.5392318527572115,-2.0193904371695908
708,4.532126140025412,-2.0123536941628117
709,4.525020427293612,-2.0053175615075816
710,4.517914714561812,-1.9982814288523514
711,4.5108102225331095,-1.9912446858455723
712,4.5037045098013095,-1.9842085531903422
713,4.49659879706951,-1.9771718101835631
714,4.48949308433771,-1.970135067176784
715,4.482388592309007,-1.963098324170005
716,4.4752828795772075,-1.956061581163226
717,4.4681771668454076,-1.949024838156447
718,4.461072674816705,-1.941988095149668
719,4.453966962084905,-1.934951352142889
720,4.446862470056203,-1.92791460913611
721,4.439756757324403,-1.9208778661293309
722,4.432652265295701,-1.9138411231225518
723,4.425546552563901,-1.906803769764224
724,4.418442060535199,-1.899767026757445
725,4.411336347803399,-1.8927302837506659
726,4.404231855774697,-1.885692930392338
727,4.397127363745994,-1.878656187385559
728,4.3900216510141945,-1.871618834027231
729,4.382917158985492,-1.8645814806689032
730,4.37581266695679,-1.8575447376621241
731,4.368708174928088,-1.8505073843037962
732,4.361603682899386,-1.8434700309454684
733,4.354499190870683,-1.8364326775871405
734,4.347394698841981,-1.8293947138772637
735,4.340290206813279,-1.8223573605189358
736,4.333185714784577,-1.815320007160608
737,4.3260812227558745,-1.80828265380228
738,4.318976730727172,-1.8012446900924033
739,4.31187223869847,-1.7942073367340754
740,4.304767746669768,-1.7871693730241986
741,4.297663254641066,-1.780131409314322
742,4.290559983315461,-1.7730934456044452
743,4.283455491286759,-1.7660560922461173
744,4.276350999258057,-1.7590181285362405
745,4.269247727932452,-1.7519801648263638
746,4.26214323590375,-1.744942201116487
747,4.255039964578145,-1.7379042374066103
748,4.247935472549443,-1.7308656633451847
749,4.240832201223839,-1.723827699635308
750,4.233727709195136,-1.7167897359254312
751,4.226624437869532,-1.7097511618640056
752,4.21951994584083,-1.7027131981541288
753,4.212416674515225,-1.6956746240927032
754,4.205313403189621,-1.6886360500312776
755,4.198210131864016,-1.681597475969852
756,4.191106860538412,-1.6745589019084264
757,4.184003589212807,-1.6675203278470008
758,4.176900317887203,-1.6604817537855752
759,4.169797046561598,-1.6534425693726007
760,4.162693775235994,-1.646403995311175
761,4.155590503910389,-1.6393654212497495
762,4.148487232584785,-1.632326236836775
763,4.14138396125918,-1.6252870524238006
764,4.134281910636673,-1.618247868010826
765,4.127178639311069,-1.6112086835978516
766,4.120076588688562,-1.6041694991848772
767,4.1129733173629575,-1.5971303147719027
768,4.105871266740451,-1.5900905200073794
769,4.098767995414846,-1.583051335594405
770,4.091665944792339,-1.5760115408298816
771,4.084563894169833,-1.5689717460653583
772,4.077461843547326,-1.5619325616523838
773,4.070359792924819,-1.5548927668878605
774,4.0632565215992145,-1.5478529721233372
775,4.056154470976708,-1.5408131773588138
776,4.049052420354201,-1.5337727722427417
777,4.041950369731694,-1.5267329774782183
778,4.034849539812285,-1.5196925723621462
779,4.027747489189778,-1.512652167246074
780,4.020645438567271,-1.5056123724815507
781,4.013543387944765,-1.4985719673654785
782,4.0064425580253555,-1.4915315622494063
783,3.9993405074028487,-1.4844905467817853
784,3.9922396774834397,-1.477450141665713
785,3.9851388475640306,-1.470409126198092
786,3.978036796941524,-1.4633687210820199
787,3.9709359670221147,-1.45632709526285
788,3.9638351371027056,-1.4492866901467778
789,3.9567343071832966,-1.442245064327608
790,3.9496334772638875,-1.4352040488599869
791,3.9425326473444784,-1.4281630333923658
792,3.9354318174250693,-1.421121407573196
793,3.928332208208758,-1.414079781754026
794,3.921231378289349,-1.4070381559348561
795,3.9141317690730375,-1.3999965301156863
796,3.9070309391536284,-1.3929542939449675
797,3.899931329937317,-1.3859120577742488
798,3.8928317207210057,-1.37886982160353
799,3.8857321115046943,-1.3718275854328112
800,3.878632502288383,-1.3647853492620925
801,3.8715328930720716,-1.3577431130913737
802,3.8644332838557602,-1.3507002665691061
803,3.857333674639449,-1.3436580303983874
804,3.8502340654231375,-1.336614573524571
805,3.843135676909924,-1.3295723373538522
806,3.8360360676936125,-1.3225288804800357
807,3.828937679180399,-1.315486033957768
808,3.8218380699640875,-1.3084425770839516
809,3.814739681450874,-1.3013991202101352
810,3.80764129293766,-1.2943556633363187
811,3.8005429044244465,-1.2873115961109534
812,3.7934457366143306,-1.280268139237137
813,3.786347348101117,-1.2732234616602227
814,3.7792489595879033,-1.2661793944348574
815,3.7721517917777874,-1.259135327209492
816,3.7650546239676714,-1.2520906496325779
817,3.7579574561575555,-1.2450459720556637
818,3.7508602883474396,-1.2380012944787495
819,3.7437631205373236,-1.2309560065502865
820,3.7366659527272077,-1.2239107186218234
821,3.7295700056201895,-1.2168654306933604
822,3.7224728378100735,-1.2098201427648974
823,3.7153768907030553,-1.2027742444848855
824,3.708280943596037,-1.1957283462048736
825,3.701183775785921,-1.1886824479248617
826,3.6940890493820007,-1.181635939293301
827,3.6869931022749824,-1.1745894306617402
828,3.6798971551679642,-1.1675429220301794
829,3.6728024287640437,-1.1604958030470698
830,3.665707702360123,-1.1534486840639602
831,3.6586129759562027,-1.1464015650808506
832,3.651518249552282,-1.139353835746192
833,3.6444247438514594,-1.1323054960599848
834,3.637330017447539,-1.1252577667253263
835,3.630236511746716,-1.118209427039119
836,3.623144226748991,-1.1111604770013628
837,3.6160507210481683,-1.1041115269636066
838,3.6089572153473455,-1.0970625769258504
839,3.6018649303496204,-1.0900130165365454
840,3.5947726453518953,-1.0829634561472403
841,3.5876803603541703,-1.0759132854063864
842,3.580588075356445,-1.0688637250170814
843,3.573497011061818,-1.0618129439246786
844,3.5664059467671905,-1.0547621628322759
845,3.5593136617694654,-1.047711381739873
846,3.552222597474838,-1.0406599902959215
847,3.5451327538833084,-1.033607988500421
848,3.5380429102917788,-1.0265565970564694
849,3.530953066700249,-1.01950398490942
850,3.523864443811817,-1.0124507624108219
851,3.5167758209233853,-1.0053975399122237
852,3.5096871980349533,-0.9983437070620766
853,3.502599795849619,-0.9912892638603807
854,3.495511172961187,-0.9842348206586848
855,3.4884249914789507,-0.9771797671054401
856,3.481338809996714,-0.9701241032006465
857,3.47425140781138,-0.9630684392958528
858,3.467166447032241,-0.9560121650395104
859,3.4600802655500047,-0.9489558907831679
860,3.452995304770866,-0.9418990061752766
861,3.445911564694825,-0.9348409008642875
862,3.438826603915686,-0.9277834059048473
863,3.431742863839645,-0.9207246902423094
864,3.4246603444667016,-0.9136647538766738
865,3.4175778250937583,-0.906605427862587
866,3.4104965264239127,-0.8995448811454025
867,3.4034164484571647,-0.8924831137251203
868,3.396335149787319,-0.885421956656387
869,3.389256292523669,-0.8783589685330071
870,3.3821774352600187,-0.8712947597065295
871,3.375099798699466,-0.8642311612316007
872,3.3680221621389137,-0.8571663420535742
873,3.3609469669845566,-0.8500996918209012
874,3.353870551127102,-0.843033651939777
875,3.3467965766758425,-0.8359657810040062
876,3.3397213815214855,-0.8288991307713331
877,3.332647407070226,-0.8218300391324647
878,3.32557709472826,-0.8147591164389496
879,3.3185043409800983,-0.8076894144485323
880,3.311434028638132,-0.8006172710519195
881,3.3043661577023613,-0.7935426862491113
882,3.2972982867665905,-0.7864693221494008
883,3.290232857237015,-0.779392906291946
884,3.2831686484105376,-0.7723140490282958
885,3.27610443958406,-0.7652364124677433
886,3.2690426721637778,-0.7581557241494465
887,3.2619845668527887,-0.7510719840734055
888,3.254925240838702,-0.7439894647004621
889,3.2478695769339083,-0.7369026728666768
890,3.2408114716229193,-0.7298189327906357
891,3.233758249124321,-0.7227296995506549
892,3.226708688735016,-0.715636804201381
893,3.2196579076426133,-0.7085463502583025
894,3.2126120093626014,-0.7014497927997354
895,3.2055709938949803,-0.6943489628803263
896,3.198527537021164,-0.6872505743671127
897,3.1914914043659337,-0.6801448616353127
898,3.1844601545230944,-0.6730336557395731
899,3.1774276839771574,-0.66592428089848
900,3.1704037583529043,-0.6588063611357029
901,3.16338593624414,-0.6516823378574372
902,3.1563668934322777,-0.6445601456338181
903,3.149358836948295,-0.6374263567307707
904,3.1423593253859963,-0.6302846332575882
905,3.1353585931206,-0.6231435201359545
906,3.128372509292376,-0.615988979280246
907,3.122821972307065,-0.607670498020866
908,3.116261913859944,-0.6001235011192421
909,3.1093344237804104,-0.592910976866392
910,3.1031100586851608,-0.5850844389553913
911,3.096842968981491,-0.5772920807311266
912,3.0899997074157,-0.5700002107769251
913,3.0714145027529867,-0.569738980314014
914,3.0645187509539937,-0.56249654883527
915,3.057609571420926,-0.5552675450906008
916,3.0493832532454235,-0.5495815100614436
917,3.0419552748958267,-0.5428871742735737
918,3.0350009293481435,-0.5357002847857757
919,3.0280807634871962,-0.528482267368986
920,3.021044630831966,-0.521376554637186
921,3.01393159388158,-0.5143471358489933
922,3.006875929976786,-0.5072603440152079
923,2.9999997094273567,-0.500000212341547
924,3.0,-0.5
